<resources>
    <color name="md_theme_primary">#8C4F27</color>
    <color name="md_theme_onPrimary">#FFFFFF</color>
    <color name="md_theme_primaryContainer">#FFDBC9</color>
    <color name="md_theme_onPrimaryContainer">#321200</color>
    <color name="md_theme_secondary">#765847</color>
    <color name="md_theme_onSecondary">#FFFFFF</color>
    <color name="md_theme_secondaryContainer">#FFDBC9</color>
    <color name="md_theme_onSecondaryContainer">#2B1609</color>
    <color name="md_theme_tertiary">#626033</color>
    <color name="md_theme_onTertiary">#FFFFFF</color>
    <color name="md_theme_tertiaryContainer">#E8E5AC</color>
    <color name="md_theme_onTertiaryContainer">#1D1D00</color>
    <color name="md_theme_error">#BA1A1A</color>
    <color name="md_theme_onError">#FFFFFF</color>
    <color name="md_theme_errorContainer">#FFDAD6</color>
    <color name="md_theme_onErrorContainer">#410002</color>
    <color name="md_theme_background">#FFF8F5</color>
    <color name="md_theme_onBackground">#221A15</color>
    <color name="md_theme_surface">#FFF8F5</color>
    <color name="md_theme_onSurface">#221A15</color>
    <color name="md_theme_surfaceVariant">#F4DED4</color>
    <color name="md_theme_onSurfaceVariant">#52443C</color>
    <color name="md_theme_outline">#85746B</color>
    <color name="md_theme_outlineVariant">#D7C2B8</color>
    <color name="md_theme_scrim">#000000</color>
    <color name="md_theme_inverseSurface">#382E29</color>
    <color name="md_theme_inverseOnSurface">#FFEDE5</color>
    <color name="md_theme_inversePrimary">#FFB68C</color>
    <color name="md_theme_primaryFixed">#FFDBC9</color>
    <color name="md_theme_onPrimaryFixed">#321200</color>
    <color name="md_theme_primaryFixedDim">#FFB68C</color>
    <color name="md_theme_onPrimaryFixedVariant">#6F3812</color>
    <color name="md_theme_secondaryFixed">#FFDBC9</color>
    <color name="md_theme_onSecondaryFixed">#2B1609</color>
    <color name="md_theme_secondaryFixedDim">#E5BFAA</color>
    <color name="md_theme_onSecondaryFixedVariant">#5C4131</color>
    <color name="md_theme_tertiaryFixed">#E8E5AC</color>
    <color name="md_theme_onTertiaryFixed">#1D1D00</color>
    <color name="md_theme_tertiaryFixedDim">#CCC992</color>
    <color name="md_theme_onTertiaryFixedVariant">#4A481E</color>
    <color name="md_theme_surfaceDim">#E7D7CF</color>
    <color name="md_theme_surfaceBright">#FFF8F5</color>
    <color name="md_theme_surfaceContainerLowest">#FFFFFF</color>
    <color name="md_theme_surfaceContainerLow">#FFF1EA</color>
    <color name="md_theme_surfaceContainer">#FCEAE2</color>
    <color name="md_theme_surfaceContainerHigh">#F6E5DD</color>
    <color name="md_theme_surfaceContainerHighest">#F0DFD7</color>
    <color name="md_theme_primary_mediumContrast">#6A340E</color>
    <color name="md_theme_onPrimary_mediumContrast">#FFFFFF</color>
    <color name="md_theme_primaryContainer_mediumContrast">#A6643A</color>
    <color name="md_theme_onPrimaryContainer_mediumContrast">#FFFFFF</color>
    <color name="md_theme_secondary_mediumContrast">#573D2D</color>
    <color name="md_theme_onSecondary_mediumContrast">#FFFFFF</color>
    <color name="md_theme_secondaryContainer_mediumContrast">#8E6E5C</color>
    <color name="md_theme_onSecondaryContainer_mediumContrast">#FFFFFF</color>
    <color name="md_theme_tertiary_mediumContrast">#46451A</color>
    <color name="md_theme_onTertiary_mediumContrast">#FFFFFF</color>
    <color name="md_theme_tertiaryContainer_mediumContrast">#797747</color>
    <color name="md_theme_onTertiaryContainer_mediumContrast">#FFFFFF</color>
    <color name="md_theme_error_mediumContrast">#8C0009</color>
    <color name="md_theme_onError_mediumContrast">#FFFFFF</color>
    <color name="md_theme_errorContainer_mediumContrast">#DA342E</color>
    <color name="md_theme_onErrorContainer_mediumContrast">#FFFFFF</color>
    <color name="md_theme_background_mediumContrast">#FFF8F5</color>
    <color name="md_theme_onBackground_mediumContrast">#221A15</color>
    <color name="md_theme_surface_mediumContrast">#FFF8F5</color>
    <color name="md_theme_onSurface_mediumContrast">#221A15</color>
    <color name="md_theme_surfaceVariant_mediumContrast">#F4DED4</color>
    <color name="md_theme_onSurfaceVariant_mediumContrast">#4E4038</color>
    <color name="md_theme_outline_mediumContrast">#6C5C54</color>
    <color name="md_theme_outlineVariant_mediumContrast">#88776E</color>
    <color name="md_theme_scrim_mediumContrast">#000000</color>
    <color name="md_theme_inverseSurface_mediumContrast">#382E29</color>
    <color name="md_theme_inverseOnSurface_mediumContrast">#FFEDE5</color>
    <color name="md_theme_inversePrimary_mediumContrast">#FFB68C</color>
    <color name="md_theme_primaryFixed_mediumContrast">#A6643A</color>
    <color name="md_theme_onPrimaryFixed_mediumContrast">#FFFFFF</color>
    <color name="md_theme_primaryFixedDim_mediumContrast">#894C25</color>
    <color name="md_theme_onPrimaryFixedVariant_mediumContrast">#FFFFFF</color>
    <color name="md_theme_secondaryFixed_mediumContrast">#8E6E5C</color>
    <color name="md_theme_onSecondaryFixed_mediumContrast">#FFFFFF</color>
    <color name="md_theme_secondaryFixedDim_mediumContrast">#735645</color>
    <color name="md_theme_onSecondaryFixedVariant_mediumContrast">#FFFFFF</color>
    <color name="md_theme_tertiaryFixed_mediumContrast">#797747</color>
    <color name="md_theme_onTertiaryFixed_mediumContrast">#FFFFFF</color>
    <color name="md_theme_tertiaryFixedDim_mediumContrast">#5F5E31</color>
    <color name="md_theme_onTertiaryFixedVariant_mediumContrast">#FFFFFF</color>
    <color name="md_theme_surfaceDim_mediumContrast">#E7D7CF</color>
    <color name="md_theme_surfaceBright_mediumContrast">#FFF8F5</color>
    <color name="md_theme_surfaceContainerLowest_mediumContrast">#FFFFFF</color>
    <color name="md_theme_surfaceContainerLow_mediumContrast">#FFF1EA</color>
    <color name="md_theme_surfaceContainer_mediumContrast">#FCEAE2</color>
    <color name="md_theme_surfaceContainerHigh_mediumContrast">#F6E5DD</color>
    <color name="md_theme_surfaceContainerHighest_mediumContrast">#F0DFD7</color>
    <color name="md_theme_primary_highContrast">#3C1800</color>
    <color name="md_theme_onPrimary_highContrast">#FFFFFF</color>
    <color name="md_theme_primaryContainer_highContrast">#6A340E</color>
    <color name="md_theme_onPrimaryContainer_highContrast">#FFFFFF</color>
    <color name="md_theme_secondary_highContrast">#331D0F</color>
    <color name="md_theme_onSecondary_highContrast">#FFFFFF</color>
    <color name="md_theme_secondaryContainer_highContrast">#573D2D</color>
    <color name="md_theme_onSecondaryContainer_highContrast">#FFFFFF</color>
    <color name="md_theme_tertiary_highContrast">#242300</color>
    <color name="md_theme_onTertiary_highContrast">#FFFFFF</color>
    <color name="md_theme_tertiaryContainer_highContrast">#46451A</color>
    <color name="md_theme_onTertiaryContainer_highContrast">#FFFFFF</color>
    <color name="md_theme_error_highContrast">#4E0002</color>
    <color name="md_theme_onError_highContrast">#FFFFFF</color>
    <color name="md_theme_errorContainer_highContrast">#8C0009</color>
    <color name="md_theme_onErrorContainer_highContrast">#FFFFFF</color>
    <color name="md_theme_background_highContrast">#FFF8F5</color>
    <color name="md_theme_onBackground_highContrast">#221A15</color>
    <color name="md_theme_surface_highContrast">#FFF8F5</color>
    <color name="md_theme_onSurface_highContrast">#000000</color>
    <color name="md_theme_surfaceVariant_highContrast">#F4DED4</color>
    <color name="md_theme_onSurfaceVariant_highContrast">#2D211B</color>
    <color name="md_theme_outline_highContrast">#4E4038</color>
    <color name="md_theme_outlineVariant_highContrast">#4E4038</color>
    <color name="md_theme_scrim_highContrast">#000000</color>
    <color name="md_theme_inverseSurface_highContrast">#382E29</color>
    <color name="md_theme_inverseOnSurface_highContrast">#FFFFFF</color>
    <color name="md_theme_inversePrimary_highContrast">#FFE7DC</color>
    <color name="md_theme_primaryFixed_highContrast">#6A340E</color>
    <color name="md_theme_onPrimaryFixed_highContrast">#FFFFFF</color>
    <color name="md_theme_primaryFixedDim_highContrast">#4D2000</color>
    <color name="md_theme_onPrimaryFixedVariant_highContrast">#FFFFFF</color>
    <color name="md_theme_secondaryFixed_highContrast">#573D2D</color>
    <color name="md_theme_onSecondaryFixed_highContrast">#FFFFFF</color>
    <color name="md_theme_secondaryFixedDim_highContrast">#3F2719</color>
    <color name="md_theme_onSecondaryFixedVariant_highContrast">#FFFFFF</color>
    <color name="md_theme_tertiaryFixed_highContrast">#46451A</color>
    <color name="md_theme_onTertiaryFixed_highContrast">#FFFFFF</color>
    <color name="md_theme_tertiaryFixedDim_highContrast">#2F2E06</color>
    <color name="md_theme_onTertiaryFixedVariant_highContrast">#FFFFFF</color>
    <color name="md_theme_surfaceDim_highContrast">#E7D7CF</color>
    <color name="md_theme_surfaceBright_highContrast">#FFF8F5</color>
    <color name="md_theme_surfaceContainerLowest_highContrast">#FFFFFF</color>
    <color name="md_theme_surfaceContainerLow_highContrast">#FFF1EA</color>
    <color name="md_theme_surfaceContainer_highContrast">#FCEAE2</color>
    <color name="md_theme_surfaceContainerHigh_highContrast">#F6E5DD</color>
    <color name="md_theme_surfaceContainerHighest_highContrast">#F0DFD7</color>
    <color name="colorCustomColor">#3A608F</color>
    <color name="colorOnCustomColor">#FFFFFF</color>
    <color name="colorCustomColorContainer">#D3E3FF</color>
    <color name="colorOnCustomColorContainer">#001C39</color>
    <color name="colorCustomColor_mediumContrast">#1B4472</color>
    <color name="colorOnCustomColor_mediumContrast">#FFFFFF</color>
    <color name="colorCustomColorContainer_mediumContrast">#5276A7</color>
    <color name="colorOnCustomColorContainer_mediumContrast">#FFFFFF</color>
    <color name="colorCustomColor_highContrast">#002344</color>
    <color name="colorOnCustomColor_highContrast">#FFFFFF</color>
    <color name="colorCustomColorContainer_highContrast">#1B4472</color>
    <color name="colorOnCustomColorContainer_highContrast">#FFFFFF</color>
</resources>
